Line item,2021,2022,2023,2024
Net sales,10000,11000,12100,13400
Cost of sales,3700,4100,4500,5000
Gross profit,6300,6900,7600,8400
"Research, development and engineering expenses",650,720,790,880
Operating Income,1900,2050,2250,2450
Depreciation and amortization,600,650,700,780
Interest Expense,150,170,200,260
Earnings before income taxes,1750,1880,2050,2190
Income taxes paid,300,330,360,390
Operating Cash Flow,2100,2150,2300,2400
Capital Expenditures,350,400,450,520
"Acquisitions, net of cash acquired",200,300,900,1800
Total Debt,3000,3400,4300,6000
Unrestricted Cash,1500,1400,1300,1100
Undrawn Revolver,1500,1500,1500,1500
Accounts receivable,1700,1900,2100,2350
Inventories,1900,2200,2500,2850
Accounts payable,600,680,760,850
Goodwill,4000,4200,5000,6600
"Other intangibles, net",1500,1550,1900,2600
Total assets,14000,15000,17000,20500
